hours,marks
1.2,14.189192558053618
2.8,29.988684732930132
4.6,47.76311342966621
6.3,64.55007386547251
7.9,80.34956604034903
3.7,38.87589908129818
5.4,55.66285951710448
8.1,82.32450256220858
2.1,23.07640690642166
7.2,73.43728821384056
0.5,7.2769147315451415
9.0,91.21171691057663
4.2,43.81324038594709
6.7,68.49994690919164
3.0,31.9636212547897
